INSERT INTO diagnosticos (descripcion)
VALUES
('Hipertensión arterial'),
('Diabetes tipo 2'),
('Cáncer de pulmón'),
('Enfermedad pulmonar obstructiva crónica'),
('Artritis reumatoide'),
('Infarto de miocardio'),
('Accidente cerebrovascular'),
('Insuficiencia renal crónica'),
('Asma bronquial'),
('Apnea del sueño'),
('Obesidad mórbida'),
('Trastorno depresivo mayor'),
('Anemia ferropénica'),
('Gripe estacional'),
('Cáncer de colon'),
('Cálculos renales'),
('Lumbalgia crónica'),
('Hipotiroidismo'),
('Esquizofrenia'),
('Trastorno de ansiedad generalizada'),
('Infección urinaria recurrente'),
('Eczema atópico'),
('Fiebre tifoidea'),
('Malaria'),
('Hepatitis B crónica'),
('Gastritis crónica'),
('Tuberculosis pulmonar'),
('Parkinson'),
('Migraña'),
('Síndrome de fatiga crónica'),
('Cáncer de mama'),
('Cálculos biliares'),
('Síndrome de Down'),
('Tensión arterial elevada'),
('Trastorno obsesivo-compulsivo'),
('Artritis psoriásica'),
('Neumonía bacteriana'),
('Hernia discal'),
('Trastorno bipolar'),
('Enfermedad de Alzheimer'),
('Cefalea tensional'),
('Endometriosis'),
('Cáncer de próstata'),
('Cistitis intersticial'),
('Esclerosis múltiple'),
('Arteriosclerosis'),
('Enfermedad de Crohn'),
('Faringitis estreptocócica'),
('Síndrome del túnel carpiano'),
('Colitis ulcerosa'),
('Linfoma'),
('Fibromialgia'),
('Hipoglucemia'),
('Piedras en los riñones'),
('SÍndrome del ovario poliquístico'),
('Trastorno de la conducta alimentaria'),
('Anorexia nerviosa'),
('Bulimia nerviosa'),
('Reflujo gastroesofágico'),
('Insuficiencia hepática'),
('Espondilitis anquilosante'),
('Enfermedad celíaca'),
('Malformación de Chiari'),
('Pneumonía viral'),
('Úlcera gástrica'),
('Trombosis venosa profunda'),
('Arritmias cardíacas'),
('Hepatitis C'),
('Enfermedad de Paget'),
('Malformación arteriovenosa'),
('Fiebre reumática'),
('Leucemia'),
('Meningitis'),
('Bipolaridad'),
('Cáncer de riñón'),
('Sindrome de Guillain-Barré'),
('Cáncer de esófago'),
('Cáncer de hígado'),
('Candidiasis'),
('Apendicitis'),
('Sarcoidosis'),
('Sinusitis crónica'),
('Síndrome de Marfan'),
('Alopecia areata'),
('Psoriasis en placas'),
('Vasculitis autoinmunitaria'),
('Hidrocefalia'),
('Mielitis transversa'),
('Parálisis facial'),
('Trombocitopatía'),
('Dermatitis seborreica'),
('Hipercalcemia'),
('Trastorno límite de la personalidad');

INSERT INTO especialidad (descripcion)
VALUES
('Clinica'),
('Cardiología'),
('Neurología'),
('Oncología'),
('Ginecología'),
('Pediatría'),
('Ortopedia'),
('Dermatología'),
('Psiquiatría'),
('Medicina interna'),
('Radiología');

INSERT INTO vademecum (nombre_comercial, principio_activo)
VALUES
('Paracetamol', 'Paracetamol'),
('Ibuprofeno', 'Ibuprofeno'),
('Amoxicilina', 'Amoxicilina'),
('Aspirina', 'Ácido acetilsalicílico'),
('Losartán', 'Losartán'),
('Loratadina', 'Loratadina'),
('Metformina', 'Metformina'),
('Omeprazol', 'Omeprazol'),
('Atorvastatina', 'Atorvastatina'),
('Fluoxetina', 'Fluoxetina'),
('Ciprofloxacino', 'Ciprofloxacino'),
('Clonazepam', 'Clonazepam'),
('Alprazolam', 'Alprazolam'),
('Salbutamol', 'Salbutamol'),
('Enalapril', 'Enalapril'),
('Naproxeno', 'Naproxeno'),
('Dexametasona', 'Dexametasona'),
('Ketorolaco', 'Ketorolaco'),
('Lisinopril', 'Lisinopril'),
('Furosemida', 'Furosemida'),
('Ranitidina', 'Ranitidina'),
('Doxiciclina', 'Doxiciclina'),
('Tamsulosina', 'Tamsulosina'),
('Prednisona', 'Prednisona'),
('Amoxiclav', 'Amoxicilina + Ácido clavulánico'),
('Gabapentina', 'Gabapentina'),
('Mirtazapina', 'Mirtazapina'),
('Pantoprazol', 'Pantoprazol'),
('Cefalexina', 'Cefalexina'),
('Carvedilol', 'Carvedilol'),
('Loratadina', 'Loratadina'),
('Clorhidrato de metformina', 'Metformina'),
('Valsartán', 'Valsartán'),
('Clorazepato', 'Clorazepato'),
('Fexofenadina', 'Fexofenadina'),
('Sulfato de magnesio', 'Sulfato de magnesio'),
('Bromazepam', 'Bromazepam'),
('Propranolol', 'Propranolol'),
('Cefuroxima', 'Cefuroxima'),
('Tramadol', 'Tramadol'),
('Levotiroxina', 'Levotiroxina'),
('Sertralina', 'Sertralina'),
('Fluconazol', 'Fluconazol'),
('Mometasona', 'Mometasona'),
('Valproato', 'Valproato sódico'),
('Triciclico', 'Amitriptilina'),
('Metronidazol', 'Metronidazol'),
('Mebendazol', 'Mebendazol'),
('Sildenafil', 'Sildenafil'),
('Citalopram', 'Citalopram'),
('Bupropión', 'Bupropión'),
('Espironolactona', 'Espironolactona'),
('Clindamicina', 'Clindamicina'),
('Fosfomicina', 'Fosfomicina'),
('Ceftriaxona', 'Ceftriaxona'),
('Fentanilo', 'Fentanilo'),
('Lorazepam', 'Lorazepam'),
('Azitromicina', 'Azitromicina'),
('Enalapril', 'Enalapril'),
('Baclofeno', 'Baclofeno'),
('Ciprofloxacino', 'Ciprofloxacino'),
('Duloxetina', 'Duloxetina'),
('Salmeterol', 'Salmeterol'),
('Fluorocinolona', 'Fluorocinolona'),
('Mefenámico', 'Ácido mefenámico'),
('Hydroxyzine', 'Hydroxyzine'),
('Amlodipino', 'Amlodipino'),
('Levamisol', 'Levamisol'),
('Sumatriptán', 'Sumatriptán'),
('Zopiclona', 'Zopiclona'),
('Hydrochlorothiazide', 'Hidroclorotiazida'),
('Verapamilo', 'Verapamilo'),
('Oxazepam', 'Oxazepam'),
('Mirtazapina', 'Mirtazapina'),
('Ciprofloxacino', 'Ciprofloxacino'),
('Rifampicina', 'Rifampicina'),
('Digoxina', 'Digoxina'),
('Nitroglicerina', 'Nitroglicerina'),
('Metilprednisolona', 'Metilprednisolona'),
('Escitalopram', 'Escitalopram'),
('Difenhidramina', 'Difenhidramina'),
('Lansoprazol', 'Lansoprazol'),
('Propranolol', 'Propranolol'),
('Clozapina', 'Clozapina'),
('Buspirona', 'Buspirona'),
('Fentermina', 'Fentermina'),
('Topiramato', 'Topiramato'),
('Colchicina', 'Colchicina'),
('Tamsulosina', 'Tamsulosina'),
('Naltrexona', 'Naltrexona'),
('Bupropión', 'Bupropión'),
('Ciprofloxacino', 'Ciprofloxacino'),
('Isotretinoína', 'Isotretinoína'),
('Zolpidem', 'Zolpidem'),
('Ketoprofeno', 'Ketoprofeno'),
('Benzocaína', 'Benzocaína'),
('Montelukast', 'Montelukast'),
('Tizanidina', 'Tizanidina'),
('Clorhidrato de clorfeniramina', 'Clorfeniramina'),
('Clonidina', 'Clonidina'),
('Etoricoxib', 'Etoricoxib'),
('Atenolol', 'Atenolol'),
('Ranitidina', 'Ranitidina'),
('Captopril', 'Captopril'),
('Sulfato de hierro', 'Sulfato de hierro'),
('Sildenafil', 'Sildenafil'),
('Cefadroxilo', 'Cefadroxilo'),
('Loratadina', 'Loratadina'),
('Carbamazepina', 'Carbamazepina'),
('Fenobarbital', 'Fenobarbital'),
('Tramadol', 'Tramadol'),
('Piroxicam', 'Piroxicam'),
('Folicil', 'Ácido fólico'),
('Tetrahidrocannabinol', 'Tetrahidrocannabinol'),
('Clonazepam', 'Clonazepam'),
('Moxifloxacino', 'Moxifloxacino');

INSERT INTO medico (id_medico, nombre, apellido, telefono, email, id_especialidad)
VALUES
(1234, 'Juan', 'Pérez', 5551234567, 'juan.perez@email.com', 1),
(5678, 'Ana', 'Gómez', 5552345678, 'ana.gomez@email.com', 2),
(2345, 'Carlos', 'López', 5553456789, 'carlos.lopez@email.com', 3),
(6789, 'María', 'Fernández', 5554567890, 'maria.fernandez@email.com', 4),
(3456, 'Luis', 'Martínez', 5555678901, 'luis.martinez@email.com', 5),
(7890, 'Laura', 'Sánchez', 5556789012, 'laura.sanchez@email.com', 6),
(4321, 'Pedro', 'Ramírez', 5557890123, 'pedro.ramirez@email.com', 7),
(8765, 'Elena', 'Rodríguez', 5558901234, 'elena.rodriguez@email.com', 8),
(5674, 'José', 'García', 5559012345, 'jose.garcia@email.com', 9),
(4320, 'Patricia', 'Vega', 5550123456, 'patricia.vega@email.com', 10),
(2341, 'Miguel', 'Hernández', 5551239876, 'miguel.hernandez@email.com', 1),
(6783, 'Carmen', 'Jiménez', 5552348765, 'carmen.jimenez@email.com', 2),
(3457, 'Antonio', 'Blanco', 5553457654, 'antonio.blanco@email.com', 3),
(7891, 'Sofía', 'Mendoza', 5554566543, 'sofia.mendoza@email.com', 4),
(4322, 'Raúl', 'Suárez', 5555675432, 'raul.suarez@email.com', 5),
(8766, 'Marta', 'Castro', 5556784321, 'marta.castro@email.com', 6),
(5675, 'David', 'Ruiz', 5557893210, 'david.ruiz@email.com', 7),
(4323, 'Isabel', 'Torres', 5558902109, 'isabel.torres@email.com', 8),
(2342, 'Javier', 'Giménez', 5559011098, 'javier.gimenez@email.com', 9),
(6784, 'Beatriz', 'Córdoba', 5550120987, 'beatriz.cordoba@email.com', 10);

INSERT INTO paciente (id_paciente, nombre, fecha_nacimiento, genero, direccion, telefono, email, apellido, activo)
VALUES
(100000000000001, 'Juan', '1985-06-15', 'M', 'Calle Falsa 123, Ciudad', 555123456789, 'juan.perez@email.com', 'Pérez', 1),
(100000000000002, 'Ana', '1990-02-20', 'F', 'Avenida Siempre Viva 456, Ciudad', 555234567890, 'ana.gomez@email.com', 'Gómez', 1),
(100000000000003, 'Carlos', '1982-11-10', 'M', 'Calle del Sol 789, Ciudad', 555345678901, 'carlos.lopez@email.com', 'López', 1),
(100000000000004, 'María', '1978-07-25', 'F', 'Calle Luna 101, Ciudad', 555456789012, 'maria.fernandez@email.com', 'Fernández', 1),
(100000000000005, 'Luis', '1995-01-05', 'M', 'Calle Acacia 202, Ciudad', 555567890123, 'luis.martinez@email.com', 'Martínez', 1),
(100000000000006, 'Laura', '1988-09-30', 'F', 'Avenida Libertad 303, Ciudad', 555678901234, 'laura.sanchez@email.com', 'Sánchez', 1),
(100000000000007, 'Pedro', '1980-04-12', 'M', 'Calle Córdoba 404, Ciudad', 555789012345, 'pedro.ramirez@email.com', 'Ramírez', 1),
(100000000000008, 'Elena', '1992-12-18', 'F', 'Calle Mayor 505, Ciudad', 555890123456, 'elena.rodriguez@email.com', 'Rodríguez', 1),
(100000000000009, 'José', '1975-10-30', 'M', 'Avenida de la Paz 606, Ciudad', 555901234567, 'jose.garcia@email.com', 'García', 1),
(100000000000010, 'Patricia', '1993-06-21', 'F', 'Calle del Mar 707, Ciudad', 555012345678, 'patricia.vega@email.com', 'Vega', 1),
(100000000000011, 'Miguel', '1987-03-15', 'M', 'Avenida Primavera 808, Ciudad', 555123987654, 'miguel.hernandez@email.com', 'Hernández', 1),
(100000000000012, 'Carmen', '1984-08-05', 'F', 'Calle Real 909, Ciudad', 555234876543, 'carmen.jimenez@email.com', 'Jiménez', 1),
(100000000000013, 'Antonio', '1991-04-11', 'M', 'Avenida Andalucía 1010, Ciudad', 555345765432, 'antonio.blanco@email.com', 'Blanco', 1),
(100000000000014, 'Sofía', '1998-02-23', 'F', 'Calle Libertad 1111, Ciudad', 555456654321, 'sofia.mendoza@email.com', 'Mendoza', 1),
(100000000000015, 'Raúl', '1983-11-16', 'M', 'Avenida Sol 1212, Ciudad', 555567543210, 'raul.suarez@email.com', 'Suárez', 1),
(100000000000016, 'Marta', '1997-05-02', 'F', 'Calle del Río 1313, Ciudad', 555678432109, 'marta.castro@email.com', 'Castro', 1),
(100000000000017, 'David', '1994-09-08', 'M', 'Calle Sierra 1414, Ciudad', 555789321098, 'david.ruiz@email.com', 'Ruiz', 1),
(100000000000018, 'Isabel', '1989-12-17', 'F', 'Avenida del Norte 1515, Ciudad', 555890210987, 'isabel.torres@email.com', 'Torres', 1),
(100000000000019, 'Javier', '1976-01-13', 'M', 'Calle Nueva 1616, Ciudad', 555901109876, 'javier.gimenez@email.com', 'Giménez', 1),
(100000000000020, 'Beatriz', '1992-03-28', 'F', 'Avenida Sur 1717, Ciudad', 555012098765, 'beatriz.cordoba@email.com', 'Córdoba', 1),
(100000000000021, 'Raquel', '1980-07-21', 'F', 'Calle del Sol 1818, Ciudad', 555123456780, 'raquel.perez@email.com', 'Pérez', 1),
(100000000000022, 'Rafael', '1990-09-10', 'M', 'Calle de los Olivos 1919, Ciudad', 555234567890, 'rafael.martin@email.com', 'Martín', 1),
(100000000000023, 'Victoria', '1982-04-16', 'F', 'Calle 22, Ciudad', 555345678901, 'victoria.gomez@email.com', 'Gómez', 1),
(100000000000024, 'Andrés', '1979-12-02', 'M', 'Avenida de las Flores 2020, Ciudad', 555456789012, 'andres.diaz@email.com', 'Díaz', 1),
(100000000000025, 'Lucía', '1995-11-11', 'F', 'Calle del Río 2121, Ciudad', 555567890123, 'lucia.martin@email.com', 'Martín', 1),
(100000000000026, 'Mario', '1986-06-30', 'M', 'Avenida del Campo 2222, Ciudad', 555678901234, 'mario.flores@email.com', 'Flores', 1),
(100000000000027, 'Sandra', '1983-01-23', 'F', 'Calle Mayor 2323, Ciudad', 555789012345, 'sandra.perez@email.com', 'Pérez', 1),
(100000000000028, 'Julio', '1990-03-19', 'M', 'Calle del Sol 2424, Ciudad', 555890123456, 'julio.sanchez@email.com', 'Sánchez', 1),
(100000000000029, 'Teresa', '1996-08-14', 'F', 'Avenida del Mar 2525, Ciudad', 555901234567, 'teresa.gonzalez@email.com', 'González', 1),
(100000000000030, 'Oscar', '1987-10-10', 'M', 'Calle de la Paz 2626, Ciudad', 555012345678, 'oscar.morales@email.com', 'Morales', 1),
(100000000000031, 'Patricia', '1993-07-22', 'F', 'Calle de la Luna 2727, Ciudad', 555123987654, 'patricia.molina@email.com', 'Molina', 1),
(100000000000032, 'Ricardo', '1985-11-25', 'M', 'Avenida de la Libertad 2828, Ciudad', 555234876543, 'ricardo.sanz@email.com', 'Sanz', 1),
(100000000000033, 'Felipe', '1992-02-18', 'M', 'Calle Río 2929, Ciudad', 555345765432, 'felipe.torres@email.com', 'Torres', 1),
(100000000000034, 'Vanessa', '1997-09-27', 'F', 'Avenida Las Flores 3030, Ciudad', 555456654321, 'vanessa.castro@email.com', 'Castro', 1),
(100000000000035, 'Héctor', '1980-12-13', 'M', 'Calle del Mar 3131, Ciudad', 555567543210, 'hector.paredes@email.com', 'Paredes', 1),
(100000000000036, 'Pilar', '1991-04-23', 'F', 'Avenida Mar 3232, Ciudad', 555678432109, 'pilar.gomez@email.com', 'Gómez', 1),
(100000000000037, 'Alberto', '1983-05-14', 'M', 'Calle Gran Vía 3333, Ciudad', 555789321098, 'alberto.rios@email.com', 'Ríos', 1),
(100000000000038, 'Sandra', '1989-08-07', 'F', 'Calle del Norte 3434, Ciudad', 555890210987, 'sandra.silva@email.com', 'Silva', 1),
(100000000000039, 'Juliana', '1995-11-25', 'F', 'Avenida Central 3535, Ciudad', 555901109876, 'juliana.paredes@email.com', 'Paredes', 1),
(100000000000040, 'Esteban', '1990-01-19', 'M', 'Calle de las Estrellas 3636, Ciudad', 555012098765, 'esteban.rojas@email.com', 'Rojas', 1),
(100000000000041, 'Raúl', '1987-05-23', 'M', 'Calle Mayor 3737, Ciudad', 555123456780, 'raul.reyes@email.com', 'Reyes', 1),
(100000000000042, 'Alba', '1992-07-12', 'F', 'Avenida Valencia 3838, Ciudad', 555234567890, 'alba.martinez@email.com', 'Martínez', 1),
(100000000000043, 'Cristina', '1984-01-29', 'F', 'Calle del Sol 3939, Ciudad', 555345678901, 'cristina.rivera@email.com', 'Rivera', 1),
(100000000000044, 'Santiago', '1982-11-05', 'M', 'Calle Aragón 4040, Ciudad', 555456789012, 'santiago.ramos@email.com', 'Ramos', 1),
(100000000000045, 'Verónica', '1993-10-18', 'F', 'Calle Zaragoza 4141, Ciudad', 555567890123, 'veronica.carrillo@email.com', 'Carrillo', 1),
(100000000000046, 'Marcelo', '1980-06-11', 'M', 'Avenida del Sol 4242, Ciudad', 555678901234, 'marcelo.jimenez@email.com', 'Jiménez', 1),
(100000000000047, 'Teresa', '1990-05-30', 'F', 'Calle del Río 4343, Ciudad', 555789012345, 'teresa.sanchez@email.com', 'Sánchez', 1),
(100000000000048, 'José', '1983-09-15', 'M', 'Avenida Central 4444, Ciudad', 555890123456, 'jose.martin@email.com', 'Martín', 1),
(100000000000049, 'Gabriela', '1994-03-11', 'F', 'Calle de la Luna 4545, Ciudad', 555901234567, 'gabriela.palacios@email.com', 'Palacios', 1),
(100000000000050, 'Javier', '1991-01-09', 'M', 'Avenida Esperanza 4646, Ciudad', 555012345678, 'javier.vargas@email.com', 'Vargas', 1);

INSERT INTO historia_clinica (observaciones, id_paciente, id_medico, id_diagnostico)
VALUES
('Paciente con hipertensión controlada mediante fármacos. Se recomienda continuar con monitoreo periódico.', 100000000000001, 101, 1),
('Paciente con diabetes tipo 1. Se encuentra en seguimiento endocrinológico para ajuste de insulina.', 100000000000002, 102, 2),
('Diagnóstico de insuficiencia renal aguda. Se inicia tratamiento con diálisis y se monitoriza función renal.', 100000000000003, 103, 3),
('Paciente con diagnóstico reciente de cáncer de páncreas. En espera de tratamiento de quimioterapia.', 100000000000004, 104, 4),
('Enfermedad pulmonar obstructiva crónica (EPOC) en estadio 2. Tratamiento con broncodilatadores y oxígeno.', 100000000000005, 105, 5),
('Paciente con infección respiratoria grave. Recibe tratamiento antibiótico y seguimiento estrecho.', 100000000000006, 106, 6),
('Paciente con antecedentes de infarto miocárdico. Se ajusta tratamiento anticoagulante y seguimiento cardiológico.', 100000000000007, 107, 7),
('Artritis reumatoide en fase activa. Inicia tratamiento con metotrexato y seguimiento en reumatología.', 100000000000008, 108, 8),
('Síndrome de apnea del sueño. Se recomienda el uso de CPAP para mejorar la calidad del sueño.', 100000000000009, 109, 9),
('Paciente con esclerosis múltiple en etapa inicial. Se ajusta tratamiento inmunomodulador.', 100000000000010, 110, 10),
('Enfermedad de Crohn diagnosticada. Inicia tratamiento con antiinflamatorios y seguimiento digestivo.', 100000000000011, 111, 11),
('Cáncer de mama. Se ha programado cirugía para mastectomía parcial y tratamiento postoperatorio con quimioterapia.', 100000000000012, 112, 12),
('Paciente con úlcera péptica. Se ajusta tratamiento con inhibidores de la bomba de protones y antibióticos.', 100000000000013, 113, 13),
('Pacienta con trastorno bipolar. Tratamiento estabilizador del ánimo y seguimiento psiquiátrico.', 100000000000014, 114, 14),
('Diagnóstico de depresión mayor. Tratamiento farmacológico con antidepresivos y psicoterapia.', 100000000000015, 115, 15),
('Paciente con migrañas frecuentes. Se inicia tratamiento preventivo y manejo del dolor agudo.', 100000000000016, 116, 16),
('Paciente con insuficiencia hepática crónica. En evaluación para trasplante hepático.', 100000000000017, 117, 17),
('Fibromialgia diagnosticada. Se recomienda ejercicio físico moderado y terapia de manejo del dolor.', 100000000000018, 118, 18),
('Síndrome de Guillain-Barré. El paciente se encuentra en recuperación tras tratamiento inmunoglobulínico.', 100000000000019, 119, 19),
('Cálculos renales. Se recomienda aumento en la ingesta de líquidos y seguimiento para litotricia.', 100000000000020, 120, 20),
('Paciente con espondilitis anquilosante. En tratamiento con antiinflamatorios no esteroides y fisioterapia.', 100000000000021, 121, 21),
('Cáncer de colon en estadio 2. Se ha realizado resección quirúrgica del tumor y el paciente recibe seguimiento oncológico.', 100000000000022, 122, 22),
('Paciente con asma persistente. Requiere tratamiento con broncodilatadores y corticoides inhalados.', 100000000000023, 123, 23),
('Paciente con hipertensión pulmonar. En tratamiento con vasodilatadores pulmonares.', 100000000000024, 124, 24),
('Trastorno de ansiedad generalizada. Tratamiento con ansiolíticos y seguimiento psicológico.', 100000000000025, 125, 25),
('Reflujo gastroesofágico crónico. Tratamiento con inhibidores de la bomba de protones y cambios en la dieta.', 100000000000026, 126, 26),
('Paciente con anorexia nerviosa grave. En tratamiento hospitalario con nutrición asistida y psicoterapia.', 100000000000027, 127, 27),
('Pacienta con trastorno obsesivo-compulsivo. Tratamiento con inhibidores selectivos de la recaptación de serotonina y terapia cognitivo-conductual.', 100000000000028, 128, 28),
('Enfermedad celíaca diagnosticada. Se instruye sobre dieta sin gluten estricta.', 100000000000029, 129, 29),
('Pacientes con tendinitis en hombro. Requiere terapia física y antiinflamatorios.', 100000000000030, 130, 30),
('Paciente con herpes zóster. Se prescriben antivirales y analgésicos para controlar el dolor.', 100000000000031, 131, 31),
('Paciente con fractura de fémur. Requiere cirugía ortopédica y rehabilitación posterior.', 100000000000032, 132, 32),
('Paciente con insuficiencia cardíaca congestiva. Se ajusta tratamiento con diuréticos y seguimiento cardiológico.', 100000000000033, 133, 33),
('Diagnóstico de leucemia mieloide crónica. Inicia tratamiento con inhibidores de tirosina quinasa.', 100000000000034, 134, 34),
('Paciente con cirugía de apendicitis exitosa. En seguimiento postquirúrgico y control de la recuperación.', 100000000000035, 135, 35),
('Cáncer de próstata diagnosticado. En espera de tratamiento con radioterapia.', 100000000000036, 136, 36),
('Paciente con pancreatitis aguda. Se recomienda reposo digestivo y tratamiento con líquidos intravenosos.', 100000000000037, 137, 37),
('Paciente con síndrome de Turner. En evaluación para terapia de reemplazo hormonal.', 100000000000038, 138, 38),
('Hipotiroidismo diagnosticado. El paciente está en tratamiento con levotiroxina y seguimiento endocrinológico.', 100000000000039, 139, 39),
('Cáncer cervical. Se realiza cirugía de conización y tratamiento con quimioterapia.', 100000000000040, 140, 40),
('Paciente con neumonía bacteriana. En tratamiento con antibióticos intravenosos y reposo.', 100000000000041, 141, 41),
('Síndrome de ovario poliquístico. Se recomienda tratamiento hormonal y cambios en la dieta.', 100000000000042, 142, 42),
('Paciente con úlcera venosa crónica. Se inicia tratamiento con apósitos y compresión.', 100000000000043, 143, 43),
('Enfermedad de Parkinson. Tratamiento con levodopa y seguimiento neurológico.', 100000000000044, 144, 44),
('Diagnóstico de hemorragia subaracnoidea. Requiere atención neuroquirúrgica urgente.', 100000000000045, 145, 45),
('Paciente con lupus eritematoso sistémico. En tratamiento con inmunosupresores y seguimiento reumatológico.', 100000000000046, 146, 46),
('Diagnóstico de sarcoidosis pulmonar. Se recomienda seguimiento pulmonológico y tratamiento antiinflamatorio.', 100000000000047, 147, 47),
('Paciente con hepatopatía alcohólica. Se recomienda abstinencia del alcohol y seguimiento hepático.', 100000000000048, 148, 48),
('Paciente con trombosis venosa profunda. En tratamiento anticoagulante y seguimiento en consulta de trombosis.', 100000000000049, 149, 49),
('Paciente con úlceras gástricas recurrentes. En tratamiento con antibióticos y control del ácido gástrico.', 100000000000050, 150, 50),
('Paciente con fibromatosis uterina. Requiere cirugía laparoscópica para la resección de los fibromas.', 100000000000051, 151, 51),
('Cáncer de riñón diagnosticado. En espera de cirugía para resección del tumor renal.', 100000000000052, 152, 52),
('Paciente con epilepsia refractaria. Se ajusta tratamiento con anticonvulsivos y seguimiento neurológico.', 100000000000053, 153, 53),
('Paciente con hemofilia tipo A. Se administra factor VIII y se recomienda evitar actividades de alto riesgo.', 100000000000054, 154, 54),
('Paciente con nefropatía diabética. En tratamiento con inhibidores de la ECA y control estricto de la glucosa.', 100000000000055, 155, 55),
('Paciente con vitiligo. Se recomienda tratamiento tópico con esteroides y seguimiento dermatológico.', 100000000000056, 156, 56),
('Paciente con malformación arteriovenosa cerebral. En espera de tratamiento quirúrgico.', 100000000000057, 157, 57),
('Paciente con tuberculosis pulmonar activa. En tratamiento con esquema completo de antibióticos antituberculosos.', 100000000000058, 158, 58),
('Síndrome de Marfan diagnosticado. Se realiza seguimiento cardiológico y ortopédico.', 100000000000059, 159, 59),
('Enfermedad de Alzheimer. Tratamiento con inhibidores de la colinesterasa y seguimiento geriátrico.', 100000000000060, 160, 60),
('Paciente con gota. En tratamiento con alopurinol y dieta para reducir ácido úrico.', 100000000000061, 161, 61),
('Diagnóstico de hepatitis C crónica. En tratamiento con antivirales directos.', 100000000000062, 162, 62),
('Paciente con esofagitis eosinofílica. Se recomienda tratamiento con inhibidores de la bomba de protones y dieta de eliminación.', 100000000000063, 163, 63),
('Paciente con síndrome de hiperparatiroidismo primario. En evaluación para cirugía de paratiroides.', 100000000000064, 164, 64),
('Paciente con esofagitis por reflujo gastroesofágico. Tratamiento con inhibidores de la bomba de protones y cambios en el estilo de vida.', 100000000000065, 165, 65),
('Diagnóstico de miastenia gravis. Se recomienda tratamiento con inhibidores de la acetilcolinesterasa y terapia inmunosupresora.', 100000000000066, 166, 66),
('Paciente con infección urinaria recurrente. En tratamiento con antibióticos y seguimiento urológico.', 100000000000067, 167, 67),
('Paciente con hipertensión arterial secundaria. En evaluación para tratamiento quirúrgico.', 100000000000068, 168, 68),
('Diagnóstico de amiloidosis. En tratamiento con agentes inmunosupresores.', 100000000000069, 169, 69),
('Paciente con síndrome de Cushing. Se inicia tratamiento con fármacos y evaluación quirúrgica.', 100000000000070, 170, 70);

INSERT INTO internacion (fecha_ingreso, fecha_egreso, id_paciente, id_historia)
VALUES
('2024-01-10', '2024-01-20', 100000000000001, 1),  -- Hipertensión arterial
('2024-02-05', NULL, 100000000000002, 2),  -- Diabetes tipo 1
('2024-02-15', '2024-02-25', 100000000000003, 3),  -- Insuficiencia renal aguda
('2024-03-01', NULL, 100000000000004, 4),  -- Cáncer de páncreas
('2024-03-10', '2024-03-20', 100000000000005, 5),  -- Enfermedad pulmonar obstructiva crónica
('2024-04-02', NULL, 100000000000006, 6),  -- Infección respiratoria grave
('2024-04-05', '2024-04-12', 100000000000007, 7),  -- Infarto miocárdico
('2024-04-20', NULL, 100000000000008, 8),  -- Artritis reumatoide
('2024-05-01', '2024-05-10', 100000000000009, 9),  -- Síndrome de apnea del sueño
('2024-05-15', NULL, 100000000000010, 10),  -- Esclerosis múltiple
('2024-06-01', '2024-06-12', 100000000000011, 11),  -- Enfermedad de Crohn
('2024-06-10', NULL, 100000000000012, 12),  -- Cáncer de mama
('2024-07-01', '2024-07-10', 100000000000013, 13),  -- Úlcera péptica
('2024-07-05', NULL, 100000000000014, 14),  -- Trastorno bipolar
('2024-07-12', '2024-07-22', 100000000000015, 15),  -- Depresión mayor
('2024-07-20', NULL, 100000000000016, 16),  -- Migrañas frecuentes
('2024-08-01', '2024-08-10', 100000000000017, 17),  -- Insuficiencia hepática crónica
('2024-08-05', NULL, 100000000000018, 18),  -- Fibromialgia
('2024-08-10', '2024-08-15', 100000000000019, 19),  -- Síndrome de Guillain-Barré
('2024-08-12', NULL, 100000000000020, 20),  -- Cálculos renales
('2024-09-01', '2024-09-12', 100000000000021, 21),  -- Espondilitis anquilosante
('2024-09-10', NULL, 100000000000022, 22),  -- Cáncer de colon
('2024-09-15', '2024-09-25', 100000000000023, 23),  -- Asma persistente
('2024-09-25', NULL, 100000000000024, 24),  -- Hipertensión pulmonar
('2024-10-01', '2024-10-10', 100000000000025, 25),  -- Trastorno de ansiedad generalizada
('2024-10-15', NULL, 100000000000026, 26),  -- Reflujo gastroesofágico
('2024-10-20', '2024-10-30', 100000000000027, 27),  -- Anorexia nerviosa grave
('2024-11-01', NULL, 100000000000028, 28),  -- Trastorno obsesivo-compulsivo
('2024-11-10', '2024-11-20', 100000000000029, 29),  -- Enfermedad celíaca
('2024-11-05', NULL, 100000000000030, 30),  -- Tendinitis en hombro
('2024-11-12', '2024-11-22', 100000000000031, 31),  -- Herpes zóster
('2024-11-15', NULL, 100000000000032, 32),  -- Fractura de fémur
('2024-11-20', '2024-11-30', 100000000000033, 33),  -- Insuficiencia cardíaca congestiva
('2024-11-25', NULL, 100000000000034, 34),  -- Leucemia mieloide crónica
('2024-12-01', '2024-12-05', 100000000000035, 35),  -- Apendicitis
('2024-12-10', NULL, 100000000000036, 36),  -- Cáncer de próstata
('2024-12-15', '2024-12-25', 100000000000037, 37),  -- Pancreatitis aguda
('2024-12-20', NULL, 100000000000038, 38),  -- Síndrome de Turner
('2024-12-25', '2025-01-05', 100000000000039, 39),  -- Hipotiroidismo
('2025-01-01', NULL, 100000000000040, 40),  -- Cáncer cervical
('2025-01-10', '2025-01-15', 100000000000041, 41),  -- Neumonía bacteriana
('2025-01-15', NULL, 100000000000042, 42),  -- Síndrome de ovario poliquístico
('2025-02-01', '2025-02-10', 100000000000043, 43),  -- Úlcera venosa crónica
('2025-02-10', NULL, 100000000000044, 44),  -- Parkinson
('2025-02-15', '2025-02-25', 100000000000045, 45),  -- Hemorragia subaracnoidea
('2025-03-01', NULL, 100000000000046, 46),  -- Lupus eritematoso sistémico
('2025-03-05', '2025-03-15', 100000000000047, 47),  -- Sarcoidosis pulmonar
('2025-03-15', NULL, 100000000000048, 48),  -- Hepatopatía alcohólica
('2025-04-01', '2025-04-10', 100000000000049, 49),  -- Trombosis venosa profunda
('2025-04-10', NULL, 100000000000050, 50);  -- Úlceras gástricas recurrentes

INSERT INTO tratamiento (observaciones, id_medico, id_internacion)
VALUES 
('Tratamiento para dolor abdominal', 1, 1),
('Tratamiento para infección respiratoria', 2, 2),
('Tratamiento post quirúrgico', 3, 3),
('Tratamiento para fiebre y dolor', 4, 4),
('Tratamiento para control de hipertensión', 5, 5),
('Tratamiento para migraña', 1, 6),
('Tratamiento para diabetes', 2, 7),
('Tratamiento para anemia', 3, 8),
('Tratamiento para infección urinaria', 4, 9),
('Tratamiento para insuficiencia renal', 5, 10),
('Tratamiento post trauma', 1, 11),
('Tratamiento para insuficiencia cardiaca', 2, 12),
('Tratamiento para neumonía', 3, 13),
('Tratamiento para hipertensión pulmonar', 4, 14),
('Tratamiento para cefalea crónica', 5, 15),
('Tratamiento para reflujo gástrico', 1, 16),
('Tratamiento para dermatitis alérgica', 2, 17),
('Tratamiento para problemas articulares', 3, 18),
('Tratamiento para resfriado común', 4, 19),
('Tratamiento para dolor muscular', 5, 20),
('Tratamiento para arritmias', 1, 21),
('Tratamiento para conjuntivitis', 2, 22),
('Tratamiento para dolores articulares', 3, 23),
('Tratamiento para depresión', 4, 24),
('Tratamiento para alergias respiratorias', 5, 25),
('Tratamiento para lumbalgia', 1, 26),
('Tratamiento para hipoglucemia', 2, 27),
('Tratamiento para artritis', 3, 28),
('Tratamiento para síndrome de fatiga crónica', 4, 29),
('Tratamiento para alergias alimentarias', 5, 30),
('Tratamiento para cáncer de piel', 1, 31),
('Tratamiento para insuficiencia hepática', 2, 32),
('Tratamiento para hipertensión arterial', 3, 33),
('Tratamiento para apnea del sueño', 4, 34),
('Tratamiento para gastritis crónica', 5, 35),
('Tratamiento para fibromialgia', 1, 36),
('Tratamiento para infecciones bacterianas', 2, 37),
('Tratamiento para úlceras gástricas', 3, 38),
('Tratamiento para infecciones virales', 4, 39),
('Tratamiento para problemas de circulación', 5, 40);

INSERT INTO medicacion_actual (dosis, fecuencia, id_tratamiento, id_medicamento)
VALUES
('500 mg', 'Cada 8 horas', 1, 1),
('400 mg', 'Cada 6 horas', 2, 2),
('500 mg', 'Cada 12 horas', 3, 3),
('250 mg', 'Cada 8 horas', 4, 4),
('50 mg', 'Cada 12 horas', 5, 5),
('10 mg', 'Cada 24 horas', 6, 6),
('500 mg', 'Cada 12 horas', 7, 7),
('1 mg', 'Cada 24 horas', 8, 8),
('50 mg', 'Cada 24 horas', 9, 9),
('20 mg', 'Cada 12 horas', 10, 10),
('500 mg', 'Cada 8 horas', 11, 1),
('200 mg', 'Cada 6 horas', 12, 2),
('500 mg', 'Cada 12 horas', 13, 3),
('250 mg', 'Cada 8 horas', 14, 4),
('50 mg', 'Cada 12 horas', 15, 5),
('10 mg', 'Cada 24 horas', 16, 6),
('500 mg', 'Cada 12 horas', 17, 7),
('1 mg', 'Cada 24 horas', 18, 8),
('50 mg', 'Cada 24 horas', 19, 9),
('20 mg', 'Cada 12 horas', 20, 10),
('500 mg', 'Cada 8 horas', 21, 1),
('200 mg', 'Cada 6 horas', 22, 2),
('500 mg', 'Cada 12 horas', 23, 3),
('250 mg', 'Cada 8 horas', 24, 4),
('50 mg', 'Cada 12 horas', 25, 5),
('10 mg', 'Cada 24 horas', 26, 6),
('500 mg', 'Cada 12 horas', 27, 7),
('1 mg', 'Cada 24 horas', 28, 8),
('50 mg', 'Cada 24 horas', 29, 9),
('20 mg', 'Cada 12 horas', 30, 10),
('500 mg', 'Cada 8 horas', 31, 1),
('200 mg', 'Cada 6 horas', 32, 2),
('500 mg', 'Cada 12 horas', 33, 3),
('250 mg', 'Cada 8 horas', 34, 4),
('50 mg', 'Cada 12 horas', 35, 5),
('10 mg', 'Cada 24 horas', 36, 6),
('500 mg', 'Cada 12 horas', 37, 7),
('1 mg', 'Cada 24 horas', 38, 8),
('50 mg', 'Cada 24 horas', 39, 9),
('20 mg', 'Cada 12 horas', 40, 10);

INSERT INTO evolucion_tratamiento (descripcion, id_internacion)
VALUES 
('Mejoría significativa en la respuesta al tratamiento', 1),
('Dolor controlado, evolución favorable', 2),
('Estabilidad en los signos vitales', 3),
('Reducción de la fiebre, respuesta positiva al tratamiento', 4),
('Control de la presión arterial, paciente estable', 5),
('Alivio de los síntomas, mejora general', 6),
('Disminución de la glucosa en sangre', 7),
('Hemoglobina mejorada, evolución positiva', 8),
('Infección controlada, signos de mejoría', 9),
('Recuperación postquirúrgica exitosa', 10),
('Continuación del tratamiento para hipertensión', 11),
('Mejoría en la función pulmonar', 12),
('Síntomas de neumonía controlados', 13),
('Pérdida de peso controlada, seguimiento favorable', 14),
('Alivio en la cefalea, tratamiento adecuado', 15),
('Recuperación tras trauma, sin complicaciones', 16),
('Síntomas de reflujo controlados', 17),
('Reducción de la erupción cutánea', 18),
('Alivio en el dolor articular', 19),
('Síntomas respiratorios mejorados', 20),
('Alivio del dolor muscular', 21),
('Arritmias controladas, monitoreo constante', 22),
('Recuperación de conjuntivitis', 23),
('Mejoría en movilidad articular', 24),
('Tratamiento de la depresión funcionando bien', 25),
('Síntomas alérgicos bajo control', 26),
('Mejoría en el dolor lumbar', 27),
('Control de glucosa efectivo', 28),
('Menor inflamación articular', 29),
('Fatiga crónica mejorada con tratamiento', 30),
('Mejoría en síntomas digestivos', 31),
('Control de la presión intraocular', 32),
('Tratamiento de infecciones bacterianas efectivo', 33),
('Recuperación tras cirugía', 34),
('Síntomas de gastritis mejorados', 35),
('Menos dolor y rigidez en las articulaciones', 36),
('Reducción en la frecuencia de infecciones', 37),
('Síntomas gástricos bajo control', 38),
('Recuperación satisfactoria tras cirugía', 39),
('Mejoría en circulación sanguínea', 40);
